age,ageCond,budam,chaksun1,chaksun2,chaksun3,chaksun4,chaksun5,chaksunT,chaksunY,chaksun_6m,chulNo,dusu,hrName,hrNameEn,hrNo,ilsu,jkName,jkNameEn,jkNo,meet,ord1CntT,ord1CntY,ord2CntT,ord2CntY,ord3CntT,ord3CntY,owName,owNameEn,owNo,prd,prizeCond,rank,rating,rcCntT,rcCntY,rcDate,rcDay,rcDist,rcName,rcNo,sex,sexCond,stTime,trName,trNameEn,trNo,wgBudam,sireNm,damNm,damSireNm
3,4세이하,별정A,7000000,3220000,2100000,980000,700000,0,0,0,1,10,걸싸게,GEOLSSAGE,3107840,24,김홍권,Kim Hong Kwon,003082,제주,0,0,0,0,0,0,오치영,OH CHI YOUNG,217123,제,700만원 미만,제6등급,-,0,0,20260327,금요일,900,일반,1,거,성별오픈,출발 :10:50,이준호,Lee Joon Ho,002029,55.0,,,
4,4세이하,별정A,7000000,3220000,2100000,980000,700000,3780000,3780000,0,10,10,서귀명성,SEOGWIMYEONGSEONG,3105273,24,김다영,Kim Da Young,003073,제주,0,0,0,0,1,1,서귀포시축협,SEO GWI PO SI CHUK HYEOP,206046,제,700만원 미만,제6등급,0,10,10,20260327,금요일,900,일반,1,수,성별오픈,출발 :10:50,윤호상,Yoon Ho Sang,002041,55.0,,,
3,4세이하,별정A,7000000,3220000,2100000,980000,700000,6580000,6580000,5600000,2,10,최고의별,CHOEGOUIBYEOL,3107595,24,전현준,Jun Hyun Joon,003070,제주,0,0,1,1,0,0,김경림,KIM KYEONG LIM,001125,제,700만원 미만,제6등급,0,5,5,20260327,금요일,900,일반,1,거,성별오픈,출발 :10:50,최기호,Choi Gi Ho,002030,55.0,,,
3,4세이하,별정A,7000000,3220000,2100000,980000,700000,0,0,0,3,10,육탄시대,YUKTANSIDAE,3107582,24,이성민,Lee Sung Min,003092,제주,0,0,0,0,0,0,문석현,Moon Seok Hyun,206017,제,700만원 미만,제6등급,-,0,0,20260327,금요일,900,일반,1,거,성별오픈,출발 :10:50,고영덕,Ko Young Deok,002026,55.0,,,
4,4세이하,별정A,7000000,3220000,2100000,980000,700000,2660000,2660000,980000,4,10,윈드파이터,WINDEUPAITEO,3105327,24,나유나,Na Yu Na,003066,제주,0,0,0,0,0,0,제주미소,JEJU MI SO,117052,제,700만원 미만,제6등급,0,7,6,20260327,금요일,900,일반,1,거,성별오픈,출발 :10:50,최기호,Choi Gi Ho,002030,55.0,,,
3,4세이하,별정A,7000000,3220000,2100000,980000,700000,700000,700000,0,5,10,태자주니어,TAEJAJUNIOR,3107862,24,곽용남,Kwak Young Nam,003061,제주,0,0,0,0,0,0,서정숙,SUH JUNGSOOK,124023,제,700만원 미만,제6등급,0,3,3,20260327,금요일,900,일반,1,수,성별오픈,출발 :10:50,이태용,Lee Tae Yong,002034,55.0,,,
3,4세이하,별정A,7000000,3220000,2100000,980000,700000,0,0,0,6,10,장타퀸,JANGTAQUEEN,3107483,24,박재희,Park Jae Hee,003095,제주,0,0,0,0,0,0,김남헌,KIM NAMHEON,124024,제,700만원 미만,제6등급,0,1,1,20260327,금요일,900,일반,1,암,성별오픈,출발 :10:50,박병진,Park Beong Jin,002028,55.0,,,
3,4세이하,별정A,7000000,3220000,2100000,980000,700000,0,0,0,7,10,대봉산,DAEBONGSAN,3107298,24,양민재,Yang Min Jae,003096,제주,0,0,0,0,0,0,강재필,KANG JEA PIL,118025,제,700만원 미만,제6등급,-,0,0,20260327,금요일,900,일반,1,거,성별오픈,출발 :10:50,한상배,Han Sang Bae,002023,55.0,,,
3,4세이하,별정A,7000000,3220000,2100000,980000,700000,1400000,1400000,1400000,8,10,맞대결,MATDAEGYEOL,3108061,24,박성광,Park Sung Kwang,003089,제주,0,0,0,0,0,0,강승호,Kang Seung Ho,116007,제,700만원 미만,제6등급,0,2,2,20260327,금요일,900,일반,1,거,성별오픈,출발 :10:50,이태용,Lee Tae Yong,002034,55.0,,,
3,4세이하,별정A,7000000,3220000,2100000,980000,700000,0,0,0,9,10,한판승,HANPANSEUNG,3107341,24,원유일,Won You Il,003075,제주,0,0,0,0,0,0,송문관,Song Mun Kwan,206026,제,700만원 미만,제6등급,-,0,0,20260327,금요일,900,일반,1,암,성별오픈,출발 :10:50,윤덕상,Youn Duk Sang,002021,55.0,,,
3,2세이상,핸디캡,10500000,4830000,3150000,1470000,1050000,26600000,26600000,26600000,1,9,오룡거,ORYONGGEO,3107631,24,한영민,Han Young Min,003058,제주,2,2,2,2,0,0,송문관,Song Mun Kwan,206026,제,R1~20,제5등급,17,6,6,20260327,금요일,1000,일반,2,수,성별오픈,출발 :11:40,윤덕상,Youn Duk Sang,002021,59.0,,,
5,2세이상,핸디캡,10500000,4830000,3150000,1470000,1050000,11620000,0,0,10,9,거석황후,GEOSEOKHWANGHU,3103437,24,김다영,Kim Da Young,003073,제주,0,0,0,0,3,0,김영일1,KIM YEONG IL,001156,제,R1~20,제5등급,1,25,9,20260327,금요일,1000,일반,2,암,성별오픈,출발 :11:40,윤호상,Yoon Ho Sang,002041,51.0,,,
7,2세이상,핸디캡,10500000,4830000,3150000,1470000,1050000,86570000,19950000,10500000,2,9,광해군,GWANGHAEGUN,3019033,24,곽용남,Kwak Young Nam,003061,제주,4,1,3,0,6,2,현상진,HYUN SANG JIN,121029,제,R1~20,제5등급,11,68,13,20260327,금요일,1000,일반,2,거,성별오픈,출발 :11:40,변용호,Byoun Yong Ho,002013,56.0,,,
3,2세이상,핸디캡,10500000,4830000,3150000,1470000,1050000,8400000,8400000,2100000,3,9,날려홈런,NALLYEOHOMERUN,3107586,24,전현준,Jun Hyun Joon,003070,제주,0,0,0,0,4,4,김경림,KIM KYEONG LIM,001125,제,R1~20,제5등급,1,5,5,20260327,금요일,1000,일반,2,암,성별오픈,출발 :11:40,최기호,Choi Gi Ho,002030,51.0,,,
4,2세이상,핸디캡,10500000,4830000,3150000,1470000,1050000,22750000,22750000,15750000,4,9,명품최강,MYEONGPUMCHOEGANG,3104085,24,박성광,Park Sung Kwang,003089,제주,1,1,1,1,3,3,강태민,KANG TAE MIN,001158,제,R1~20,제5등급,14,7,7,20260327,금요일,1000,일반,2,거,성별오픈,출발 :11:40,이준호,Lee Joon Ho,002029,57.5,,,
4,2세이상,핸디캡,10500000,4830000,3150000,1470000,1050000,26670000,26670000,16380000,5,9,명품최고,MYEONGPUMCHOEGO,3104135,24,김준호,Kim Jun Ho,003081,제주,0,0,4,4,2,2,강영종,Kang Young Jong,001053,제,R1~20,제5등급,13,11,11,20260327,금요일,1000,일반,2,수,성별오픈,출발 :11:40,강태종,Gang Tae Jong,002036,57.0,,,
5,2세이상,핸디캡,10500000,4830000,3150000,1470000,1050000,23590000,23590000,1470000,6,9,광풍천리,GWANGPUNGCHEOLLI,3103802,24,나유나,Na Yu Na,003066,제주,2,2,0,0,1,1,제주미소,JEJU MI SO,117052,제,R1~20,제5등급,6,9,9,20260327,금요일,1000,일반,2,수,성별오픈,출발 :11:40,이준호,Lee Joon Ho,002029,53.5,,,
5,2세이상,핸디캡,10500000,4830000,3150000,1470000,1050000,30930000,15330000,10500000,7,9,세련미,SERYEONMI,3103729,24,강수한,Kang Su Han,003077,제주,2,1,2,1,1,0,오치영,OH CHI YOUNG,217123,제,R1~20,제5등급,14,17,8,20260327,금요일,1000,일반,2,암,성별오픈,출발 :11:40,이태용,Lee Tae Yong,002034,57.5,,,
4,2세이상,핸디캡,10500000,4830000,3150000,1470000,1050000,24850000,18970000,11970000,8,9,제주짱,JEJUJJANG,3105267,24,양민재,Yang Min Jae,003096,제주,2,2,0,0,2,0,김중은,KIM JOONG EUN,116059,제,R1~20,제5등급,15,13,6,20260327,금요일,1000,일반,2,거,성별오픈,출발 :11:40,한상배,Han Sang Bae,002023,58.0,,,
5,2세이상,핸디캡,10500000,4830000,3150000,1470000,1050000,15680000,11620000,2520000,9,9,서산히어로,SEOSANHERO,3103597,24,원유일,Won You Il,003075,제주,0,0,2,2,1,0,양동우,Yang Dong Woo,001063,제,R1~20,제5등급,2,14,9,20260327,금요일,1000,일반,2,암,성별오픈,출발 :11:40,강영진,Kang Young Jin,002033,51.5,,,
4,2세이상,핸디캡,10500000,4830000,3150000,1470000,1050000,12810000,10150000,5670000,1,10,세모다,SEMODA,3104799,24,양민재,Yang Min Jae,003096,제주,0,0,0,0,2,2,송자민,SONG JA MIN,001121,제,R1~20,제5등급,4,19,13,20260327,금요일,1000,일반,3,거,성별오픈,출발 :13:00,한상배,Han Sang Bae,002023,52.0,,,
4,2세이상,핸디캡,10500000,4830000,3150000,1470000,1050000,7980000,7980000,7980000,10,10,황금라인,HWANGGEUMLINE,3104660,24,전현준,Jun Hyun Joon,003070,제주,1,1,0,0,0,0,에린,ERIN,116030,제,R1~20,제5등급,11,2,2,20260327,금요일,1000,일반,3,암,성별오픈,출발 :13:00,이준호,Lee Joon Ho,002029,55.5,,,
3,2세이상,핸디캡,10500000,4830000,3150000,1470000,1050000,17500000,17500000,17500000,2,10,무림평정,MURIMPYEONGJEONG,3107604,24,문현진,Mun Hyeon Jin,003080,제주,2,2,0,0,0,0,신상섭,Shin Sang Sub,206027,제,R1~20,제5등급,19,2,2,20260327,금요일,1000,일반,3,수,성별오픈,출발 :13:00,신경호,Shin Kyung Ho,002018,59.5,,,
4,2세이상,핸디캡,10500000,4830000,3150000,1470000,1050000,8470000,8470000,8470000,3,10,광풍만리,GWANGPUNGMALLI,3105509,24,나유나,Na Yu Na,003066,제주,1,1,0,0,0,0,제주미소,JEJU MI SO,117052,제,R1~20,제5등급,1,4,4,20260327,금요일,1000,일반,3,거,성별오픈,출발 :13:00,이준호,Lee Joon Ho,002029,51.0,,,
5,2세이상,핸디캡,10500000,4830000,3150000,1470000,1050000,32550000,21630000,11970000,4,10,신수,SINSU,3103413,24,강수한,Kang Su Han,003077,제주,2,1,3,2,0,0,김희철,kim heechul,112223,제,R1~20,제5등급,20,11,6,20260327,금요일,1000,일반,3,거,성별오픈,출발 :13:00,이태용,Lee Tae Yong,002034,60.0,,,
4,2세이상,핸디캡,10500000,4830000,3150000,1470000,1050000,25060000,25060000,14490000,5,10,우승기운,USEUNGGIUN,3104713,24,임재광,Lim Jae Kwang,003087,제주,1,1,3,3,1,1,김기준,KIM KI JOON,206028,제,R1~20,제5등급,16,11,11,20260327,금요일,1000,일반,3,수,성별오픈,출발 :13:00,심도연,Sim Do Youn,002031,58.0,,,
4,2세이상,핸디캡,10500000,4830000,3150000,1470000,1050000,31910000,21210000,20160000,6,10,장타호령,JANGTAHORYEONG,3104302,24,곽석,Kwak Seok,003094,제주,2,1,2,2,1,0,김무현,Kim Moo Hyun,001105,제,R1~20,제5등급,18,13,7,20260327,금요일,1000,일반,3,수,성별오픈,출발 :13:00,강대은,Kang Dae Eun,002027,59.0,,,
5,2세이상,핸디캡,10500000,4830000,3150000,1470000,1050000,52080000,15120000,7350000,7,10,돈보따리,DONBOTTARI,3103906,24,김용섭,Kim Yong Sup,003006,제주,3,0,4,2,0,0,홍규식,HONG GYU SIK,116020,제,R1~20,제5등급,18,27,11,20260327,금요일,1000,일반,3,거,성별오픈,출발 :13:00,변용호,Byoun Yong Ho,002013,59.0,,,
5,2세이상,핸디캡,10500000,4830000,3150000,1470000,1050000,63170000,15330000,4830000,8,10,동부파이터,DONGBUFIGHTER,3104067,24,이동준,Lee Dong Jun,003086,제주,5,1,1,1,2,0,현동부,Hyun Dong Bu,116027,제,R1~20,제5등급,19,16,5,20260327,금요일,1000,일반,3,수,성별오픈,출발 :13:00,강태종,Gang Tae Jong,002036,59.5,,,
4,2세이상,핸디캡,10500000,4830000,3150000,1470000,1050000,29470000,29470000,16800000,9,10,승전가,SEUNGJEONGA,3104239,24,원유일,Won You Il,003075,제주,1,1,2,2,3,3,고형주,KO HYUNG JU,124032,제,R1~20,제5등급,11,17,17,20260327,금요일,1000,일반,3,거,성별오픈,출발 :13:00,윤덕상,Youn Duk Sang,002021,55.5,,,
4,2세이상,핸디캡,10500000,4830000,3150000,1470000,1050000,7980000,7980000,7000000,1,10,무림왕자,MURIMWANGJA,3105495,24,문현진,Mun Hyeon Jin,003080,제주,1,1,0,0,0,0,신상섭,Shin Sang Sub,206027,제,R1~20,제5등급,6,3,3,20260327,금요일,1110,일반,4,거,성별오픈,출발 :13:50,신경호,Shin Kyung Ho,002018,52.5,,,
4,2세이상,핸디캡,10500000,4830000,3150000,1470000,1050000,24010000,24010000,22330000,10,10,세계왕자,SEGYEWANGJA,3104277,24,김한남,Kim Han Nam,003084,제주,1,1,0,0,3,3,고임계,Ko Yim Gye,001185,제,R1~20,제5등급,10,15,15,20260327,금요일,1110,일반,4,거,성별오픈,출발 :13:50,강대은,Kang Dae Eun,002027,54.5,,,
4,2세이상,핸디캡,10500000,4830000,3150000,1470000,1050000,11200000,11200000,11200000,2,10,디아즈타임,DIAZTIME,3104167,24,임재광,Lim Jae Kwang,003087,제주,1,1,0,0,2,2,변완수,Byun Wan Soo,111225,제,R1~20,제5등급,8,4,4,20260327,금요일,1110,일반,4,수,성별오픈,출발 :13:50,심도연,Sim Do Youn,002031,53.5,,,
7,2세이상,핸디캡,10500000,4830000,3150000,1470000,1050000,85480000,14600000,8100000,3,10,달의강자,DARUIGANGJA,3018875,24,양민재,Yang Min Jae,003096,제주,3,0,4,0,7,3,박경식,PARK KYUNG SIK,001146,제,R1~20,제5등급,18,63,19,20260327,금요일,1110,일반,4,거,성별오픈,출발 :13:50,한상배,Han Sang Bae,002023,58.5,,,
5,2세이상,핸디캡,10500000,4830000,3150000,1470000,1050000,71250000,1050000,1050000,4,10,용감무쌍,YONGGAMMUSSANG,3103879,24,곽석,Kwak Seok,003094,제주,4,0,2,0,4,0,강명숙,KANG MYUNG SOOK,206029,제,R1~20,제5등급,19,19,1,20260327,금요일,1110,일반,4,수,성별오픈,출발 :13:50,김대연,Kim Dae Youn,002042,59.0,,,
4,2세이상,핸디캡,10500000,4830000,3150000,1470000,1050000,26600000,26600000,13440000,5,10,어부바,EOBUBA,3104134,24,김준호,Kim Jun Ho,003081,제주,1,1,1,1,3,3,양동우,Yang Dong Woo,001063,제,R1~20,제5등급,9,11,11,20260327,금요일,1110,일반,4,암,성별오픈,출발 :13:50,강태종,Gang Tae Jong,002036,54.0,,,
3,2세이상,핸디캡,10500000,4830000,3150000,1470000,1050000,25550000,25550000,22330000,6,10,행복덩어리,HAENGBOKDEONGEORI,3108232,24,박성광,Park Sung Kwang,003089,제주,2,2,2,2,0,0,변창순,BYUN CHANG SOON,001069,제,R1~20,제5등급,15,4,4,20260327,금요일,1110,일반,4,수,성별오픈,출발 :13:50,이태용,Lee Tae Yong,002034,57.0,,,
6,2세이상,핸디캡,10500000,4830000,3150000,1470000,1050000,54080000,15960000,9660000,7,10,청룡여제,CHEONGNYONGYEOJE,3101890,24,정명일,Jeong Myung Il,003044,제주,1,0,2,1,7,1,청룡,Chung Yong,117051,제,R1~20,제5등급,3,44,16,20260327,금요일,1110,일반,4,암,성별오픈,출발 :13:50,문성호,Mun Sung Ho,002039,51.0,,,
4,2세이상,핸디캡,10500000,4830000,3150000,1470000,1050000,26040000,22820000,19740000,8,10,아라리오,ARARIO,3104283,24,강수한,Kang Su Han,003077,제주,0,0,4,3,3,3,한빛,AN JEONG MO,121044,제,R1~20,제5등급,11,9,7,20260327,금요일,1110,일반,4,암,성별오픈,출발 :13:50,이준호,Lee Joon Ho,002029,55.0,,,
5,2세이상,핸디캡,10500000,4830000,3150000,1470000,1050000,21490000,14490000,11970000,9,10,신천여제,SINCHEONYEOJE,3103807,24,김홍권,Kim Hong Kwon,003082,제주,1,0,1,1,1,1,강인선,KANG IN SUN,001049,제,R1~20,제5등급,9,16,12,20260327,금요일,1110,일반,4,암,성별오픈,출발 :13:50,강영진,Kang Young Jin,002033,54.0,,,
5,2세이상,핸디캡,13000000,5980000,3900000,1820000,1300000,67990000,17530000,17530000,1,10,세계자랑,SEGYEJARANG,3103453,24,한영민,Han Young Min,003058,제주,2,1,6,1,4,0,고임계,Ko Yim Gye,001185,제,R21~40,제4등급,25,29,7,20260327,금요일,1110,일반,5,거,성별오픈,출발 :14:40,강대은,Kang Dae Eun,002027,53.0,,,
5,2세이상,핸디캡,13000000,5980000,3900000,1820000,1300000,96780000,49630000,35350000,10,10,철선녀,CHEOLSEONNYEO,3103943,24,전현준,Jun Hyun Joon,003070,제주,6,2,3,2,4,3,김홍천,KIM HONG CHUN,001096,제,R21~40,제4등급,31,33,16,20260327,금요일,1110,일반,5,암,성별오픈,출발 :14:40,한상배,Han Sang Bae,002023,56.0,,,
6,2세이상,핸디캡,13000000,5980000,3900000,1820000,1300000,95160000,7020000,2600000,2,10,황해여왕,HWANGHAEYEONGWANG,3101669,24,원유일,Won You Il,003075,제주,2,0,8,0,5,0,변영관,BOUN YOUNG GOAN,206021,제,R21~40,제4등급,27,45,12,20260327,금요일,1110,일반,5,암,성별오픈,출발 :14:40,강영진,Kang Young Jin,002033,54.0,,,
4,2세이상,핸디캡,13000000,5980000,3900000,1820000,1300000,57290000,50850000,30830000,3,10,명성만리,MYEONGSEONGMALLI,3104094,24,강수한,Kang Su Han,003077,제주,2,2,6,4,1,1,김태옥,KIM TAE OK,001092,제,R21~40,제4등급,39,14,10,20260327,금요일,1110,일반,5,거,성별오픈,출발 :14:40,이태용,Lee Tae Yong,002034,60.0,,,
3,2세이상,핸디캡,13000000,5980000,3900000,1820000,1300000,47240000,47240000,19240000,4,10,황해바람,HWANGHAEBARAM,3107542,24,김준호,Kim Jun Ho,003081,제주,3,3,3,3,0,0,강기정,kang kijeong,214799,제,R21~40,제4등급,36,8,8,20260327,금요일,1110,일반,5,거,성별오픈,출발 :14:40,강태종,Gang Tae Jong,002036,58.5,,,
5,2세이상,핸디캡,13000000,5980000,3900000,1820000,1300000,114980000,29900000,28600000,5,10,소왕산,SOWANGSAN,3103588,24,문현진,Mun Hyeon Jin,003080,제주,6,1,2,1,8,1,강재필,KANG JEA PIL,118025,제,R21~40,제4등급,29,44,18,20260327,금요일,1110,일반,5,암,성별오픈,출발 :14:40,윤덕상,Youn Duk Sang,002021,55.0,,,
6,2세이상,핸디캡,13000000,5980000,3900000,1820000,1300000,92690000,18720000,9620000,6,10,별빛최강,BYEOLBITCHOEGANG,3102939,24,임재광,Lim Jae Kwang,003087,제주,4,0,3,1,5,1,강길자,KANG GIL JA,206042,제,R21~40,제4등급,31,41,13,20260327,금요일,1110,일반,5,거,성별오픈,출발 :14:40,심도연,Sim Do Youn,002031,56.0,,,
5,2세이상,핸디캡,13000000,5980000,3900000,1820000,1300000,64430000,18450000,6650000,7,10,최강지존,CHOEGANGJIJON,3103578,24,곽용남,Kwak Young Nam,003061,제주,3,1,4,1,2,0,김창만,Kim Chang Man,001021,제,R21~40,제4등급,23,26,9,20260327,금요일,1110,일반,5,암,성별오픈,출발 :14:40,김대연,Kim Dae Youn,002042,52.0,,,
4,2세이상,핸디캡,13000000,5980000,3900000,1820000,1300000,41470000,24950000,7800000,8,10,천하짱,CHEONHAJJANG,3105264,24,박성광,Park Sung Kwang,003089,제주,1,1,4,1,4,2,안평림,AN PYUNG RIM,121038,제,R21~40,제4등급,25,15,8,20260327,금요일,1110,일반,5,수,성별오픈,출발 :14:40,이태용,Lee Tae Yong,002034,53.0,,,
7,2세이상,핸디캡,13000000,5980000,3900000,1820000,1300000,123800000,41600000,17680000,9,10,전농미르,JEONNONGMIREU,3102840,24,박재희,Park Jae Hee,003095,제주,2,0,11,2,2,2,강상우,KIM SANG WOO,001157,제,R21~40,제4등급,38,56,24,20260327,금요일,1110,일반,5,거,성별오픈,출발 :14:40,박병진,Park Beong Jin,002028,59.5,,,
5,2세이상,핸디캡,13000000,5980000,3900000,1820000,1300000,68570000,48390000,22880000,1,10,명품챔프,MYEONGPUMCHAEMPEU,3103530,24,전현준,Jun Hyun Joon,003070,제주,2,2,6,3,4,2,양용택,YANG YONG TAEK,206030,제,R21~40,제4등급,34,21,9,20260327,금요일,1110,일반,6,거,성별오픈,출발 :15:35,박병진,Park Beong Jin,002028,57.5,,,
4,2세이상,핸디캡,13000000,5980000,3900000,1820000,1300000,34190000,34190000,27190000,10,10,은하전설,EUNHAJEONSEOL,3104143,24,강수한,Kang Su Han,003077,제주,2,2,3,3,0,0,정승호,JUNG SEUNGHO,124025,제,R21~40,제4등급,25,9,9,20260327,금요일,1110,일반,6,암,성별오픈,출발 :15:35,신경호,Shin Kyung Ho,002018,53.0,,,
5,2세이상,핸디캡,13000000,5980000,3900000,1820000,1300000,61950000,48300000,0,2,10,백호여걸,BAEKOYEOGEOL,3103457,24,임재광,Lim Jae Kwang,003087,제주,5,4,0,0,2,0,강길자,KANG GIL JA,206042,제,R21~40,제4등급,30,12,6,20260327,금요일,1110,일반,6,암,성별오픈,출발 :15:35,심도연,Sim Do Youn,002031,55.5,,,
8,2세이상,핸디캡,13000000,5980000,3900000,1820000,1300000,104240000,0,0,3,10,성공제일,SEONGGONGJEIL,3018748,24,문현진,Mun Hyeon Jin,003080,제주,4,0,5,0,7,0,문인환,MOON IN HWAN,116003,제,R21~40,제4등급,34,35,2,20260327,금요일,1110,일반,6,거,성별오픈,출발 :15:35,강영진,Kang Young Jin,002033,57.5,,,
5,2세이상,핸디캡,13000000,5980000,3900000,1820000,1300000,80750000,36400000,35100000,4,10,블랙강자,BLACKGANGJA,3103595,24,김준호,Kim Jun Ho,003081,제주,5,2,3,1,1,0,조경수,Cho Kyung Soo,116005,제,R21~40,제4등급,37,15,7,20260327,금요일,1110,일반,6,거,성별오픈,출발 :15:35,이태용,Lee Tae Yong,002034,59.0,,,
5,2세이상,핸디캡,13000000,5980000,3900000,1820000,1300000,47650000,47650000,14820000,5,10,태흥강자,TAEHEUNGGANGJA,3103945,24,원유일,Won You Il,003075,제주,4,4,1,1,0,0,변창순,BYUN CHANG SOON,001069,제,R21~40,제4등급,34,11,11,20260327,금요일,1110,일반,6,암,성별오픈,출발 :15:35,강영진,Kang Young Jin,002033,57.5,,,
6,2세이상,핸디캡,13000000,5980000,3900000,1820000,1300000,76140000,24250000,0,6,10,천비왕자,CHEONBIWANGJA,3102752,24,정명일,Jeong Myung Il,003044,제주,3,0,5,2,3,2,김민규,KIM MINKYU,124018,제,R21~40,제4등급,21,37,13,20260327,금요일,1110,일반,6,거,성별오픈,출발 :15:35,문성호,Mun Sung Ho,002039,51.0,,,
5,2세이상,핸디캡,13000000,5980000,3900000,1820000,1300000,78260000,47040000,8840000,7,10,용트림,YONGTEURIM,3103398,24,이성민,Lee Sung Min,003092,제주,6,3,0,0,2,2,강원표,KANG WONP YO,118026,제,R21~40,제4등급,30,24,15,20260327,금요일,1110,일반,6,거,성별오픈,출발 :15:35,윤덕상,Youn Duk Sang,002021,55.5,,,
7,2세이상,핸디캡,13000000,5980000,3900000,1820000,1300000,109380000,38480000,16900000,8,10,캡틴전설,CAPTINJEONSEOL,3101706,24,김홍권,Kim Hong Kwon,003082,제주,5,1,8,2,4,3,변완수,Byun Wan Soo,111225,제,R21~40,제4등급,39,31,10,20260327,금요일,1110,일반,6,수,성별오픈,출발 :15:35,이준호,Lee Joon Ho,002029,60.0,,,
4,2세이상,핸디캡,13000000,5980000,3900000,1820000,1300000,65620000,52620000,35820000,9,10,캡틴공주,KAEPTINGONGJU,3104237,24,곽석,Kwak Seok,003094,제주,5,4,1,0,1,1,강길홍,KANG GIL HONG,001007,제,R21~40,제4등급,39,19,16,20260327,금요일,1110,일반,6,암,성별오픈,출발 :15:35,김대연,Kim Dae Youn,002042,60.0,,,
5,2세이상,핸디캡,15500000,7130000,4650000,2170000,1550000,105910000,26330000,0,1,10,일품가속,ILPUMGASOK,3103770,24,문현진,Mun Hyeon Jin,003080,제주,5,1,4,1,5,1,김경국,KIM KYEONG KOOK,117043,제,R41~60,제3등급,42,37,15,20260327,금요일,1110,일반,7,수,성별오픈,출발 :16:30,이준호,Lee Joon Ho,002029,51.5,,,
7,2세이상,핸디캡,15500000,7130000,4650000,2170000,1550000,154570000,44580000,42760000,10,10,수호초,SUHOCHO,3102513,24,강수한,Kang Su Han,003077,제주,4,1,12,2,6,3,천창수,CHEON CHANG SOO,001196,제,R41~60,제3등급,52,53,12,20260327,금요일,1110,일반,7,거,성별오픈,출발 :16:30,김길홍,Kim Gil Hong,002038,56.5,,,
6,2세이상,핸디캡,15500000,7130000,4650000,2170000,1550000,122150000,21550000,4650000,2,10,청룡퀸,CHEONGRYONGQUEEN,3101509,24,정명일,Jeong Myung Il,003044,제주,8,1,1,0,5,2,청룡,Chung Yong,117051,제,R41~60,제3등급,44,35,7,20260327,금요일,1110,일반,7,암,성별오픈,출발 :16:30,강영진,Kang Young Jin,002033,52.5,,,
3,2세이상,핸디캡,15500000,7130000,4650000,2170000,1550000,59000000,59000000,52000000,3,10,대보름,DAEBOREUM,3107543,24,김준호,Kim Jun Ho,003081,제주,5,5,0,0,0,0,송문관,Song Mun Kwan,206026,제,R41~60,제3등급,45,5,5,20260327,금요일,1110,일반,7,암,성별오픈,출발 :16:30,윤덕상,Youn Duk Sang,002021,53.0,,,
5,2세이상,핸디캡,15500000,7130000,4650000,2170000,1550000,100670000,10850000,2170000,4,10,금촌대박,GEUMCHONDAEBAK,3103935,24,이성민,Lee Sung Min,003092,제주,5,0,4,1,3,0,강재필,KANG JEA PIL,118025,제,R41~60,제3등급,48,24,7,20260327,금요일,1110,일반,7,암,성별오픈,출발 :16:30,고영덕,Ko Young Deok,002026,54.5,,,
5,2세이상,핸디캡,15500000,7130000,4650000,2170000,1550000,174790000,55490000,16740000,5,10,보라매,BORAME,3103787,24,곽용남,Kwak Young Nam,003061,제주,8,2,3,0,7,3,강원표,KANG WONP YO,118026,제,R41~60,제3등급,54,50,18,20260327,금요일,1110,일반,7,거,성별오픈,출발 :16:30,윤덕상,Youn Duk Sang,002021,57.5,,,
5,2세이상,핸디캡,15500000,7130000,4650000,2170000,1550000,116260000,85140000,30600000,6,10,돈마맨,DONMAMAN,3103495,24,김한남,Kim Han Nam,003084,제주,6,4,2,1,8,5,돈마,DON MA,116033,제,R41~60,제3등급,45,37,22,20260327,금요일,1110,일반,7,수,성별오픈,출발 :16:30,김길홍,Kim Gil Hong,002038,53.0,,,
9,2세이상,핸디캡,15500000,7130000,4650000,2170000,1550000,150480000,22320000,2170000,7,10,천지대장,CHEONJIDAEJANG,3018117,24,임재광,Lim Jae Kwang,003087,제주,11,1,1,0,2,1,박성익,Park Seong Ik,206008,제,R41~60,제3등급,58,54,8,20260327,금요일,1110,일반,7,거,성별오픈,출발 :16:30,심도연,Sim Do Youn,002031,59.5,,,
4,2세이상,핸디캡,15500000,7130000,4650000,2170000,1550000,87020000,25940000,0,8,10,명성황제,MYEONGSEONGHWANGJE,3104319,24,김홍권,Kim Hong Kwon,003082,제주,3,1,8,1,1,0,변창순,BYUN CHANG SOON,001069,제,R41~60,제3등급,43,24,9,20260327,금요일,1110,일반,7,거,성별오픈,출발 :16:30,강영진,Kang Young Jin,002033,52.0,,,
7,2세이상,핸디캡,15500000,7130000,4650000,2170000,1550000,142100000,13330000,7130000,9,10,청룡도,CHEONGNYONGDO,3101652,24,박성광,Park Sung Kwang,003089,제주,4,0,10,1,5,1,조경수,Cho Kyung Soo,116005,제,R41~60,제3등급,46,47,11,20260327,금요일,1110,일반,7,거,성별오픈,출발 :16:30,이태용,Lee Tae Yong,002034,53.5,,,
4,2세이상,핸디캡,15500000,7130000,4650000,2170000,1550000,73510000,45210000,7130000,1,10,용담챔프,YONGDAMCHAMP,3104674,24,원유일,Won You Il,003075,제주,3,2,7,3,0,0,명가,SO SEONG BO,121043,제,R41~60,제3등급,45,19,12,20260327,금요일,1200,일반,8,거,성별오픈,출발 :17:25,변용호,Byoun Yong Ho,002013,53.0,,,
7,2세이상,핸디캡,15500000,7130000,4650000,2170000,1550000,93450000,46560000,7130000,10,10,결초보은,GYEOLCHOBOEUN,3101432,24,박성광,Park Sung Kwang,003089,제주,4,2,7,3,3,0,김창희,Kim Chang Hee,206014,제,R41~60,제3등급,47,30,8,20260327,금요일,1200,일반,8,거,성별오픈,출발 :17:25,이태용,Lee Tae Yong,002034,54.0,,,
4,2세이상,핸디캡,15500000,7130000,4650000,2170000,1550000,74780000,48480000,35880000,2,10,제일강자,JEILGANGJA,3104097,24,김준호,Kim Jun Ho,003081,제주,4,2,4,2,3,3,강기정,kang kijeong,214799,제,R41~60,제3등급,41,20,13,20260327,금요일,1200,일반,8,거,성별오픈,출발 :17:25,강태종,Gang Tae Jong,002036,51.0,,,
3,2세이상,핸디캡,15500000,7130000,4650000,2170000,1550000,77200000,77200000,27300000,3,10,텐언더,TENUNDER,3107471,24,정명일,Jeong Myung Il,003044,제주,5,5,0,0,2,2,김민규,KIM MINKYU,124018,제,R41~60,제3등급,59,9,9,20260327,금요일,1200,일반,8,수,성별오픈,출발 :17:25,문성호,Mun Sung Ho,002039,60.0,,,
7,2세이상,핸디캡,15500000,7130000,4650000,2170000,1550000,125010000,31620000,28520000,4,10,킹코브라,KINGKOBEURA,3101725,24,전현준,Jun Hyun Joon,003070,제주,4,0,8,2,2,1,고상운,KO SANG UN,001175,제,R41~60,제3등급,45,44,17,20260327,금요일,1200,일반,8,수,성별오픈,출발 :17:25,이준호,Lee Joon Ho,002029,53.0,,,
4,2세이상,핸디캡,15500000,7130000,4650000,2170000,1550000,88520000,46820000,29920000,5,10,진면목,JINMYEONMOK,3104684,24,곽용남,Kwak Young Nam,003061,제주,5,1,3,3,2,1,송문관,Song Mun Kwan,206026,제,R41~60,제3등급,44,21,13,20260327,금요일,1200,일반,8,거,성별오픈,출발 :17:25,윤덕상,Youn Duk Sang,002021,52.5,,,
8,2세이상,핸디캡,15500000,7130000,4650000,2170000,1550000,154100000,29450000,17670000,6,10,완벽세대,WANBYEOKSAEDAE,3018812,24,임재광,Lim Jae Kwang,003087,제주,4,1,9,1,11,1,변완수,Byun Wan Soo,111225,제,R41~60,제3등급,58,46,6,20260327,금요일,1200,일반,8,암,성별오픈,출발 :17:25,심도연,Sim Do Youn,002031,59.5,,,
5,2세이상,핸디캡,15500000,7130000,4650000,2170000,1550000,129720000,71970000,62870000,7,10,로한,ROHAN,3103795,24,한영민,Han Young Min,003058,제주,6,2,5,4,5,4,웅진산업,"WOONGJIN SANUP CO.,LTD",117049,제,R41~60,제3등급,58,34,15,20260327,금요일,1200,일반,8,거,성별오픈,출발 :17:25,김태준,Kim Tae Jun,002032,59.5,,,
5,2세이상,핸디캡,15500000,7130000,4650000,2170000,1550000,114700000,25420000,14570000,8,10,황해비천,HWANGHAEBICHEON,3103654,24,문현진,Mun Hyeon Jin,003080,제주,4,0,8,2,2,0,강인선,KANG IN SUN,001049,제,R41~60,제3등급,49,25,10,20260327,금요일,1200,일반,8,거,성별오픈,출발 :17:25,고영덕,Ko Young Deok,002026,55.0,,,
7,2세이상,핸디캡,15500000,7130000,4650000,2170000,1550000,154480000,29760000,13950000,9,10,몬딱,MONDDAK,3102403,24,김홍권,Kim Hong Kwon,003082,제주,5,0,8,2,7,3,최상일,CHOI SANG IL,121028,제,R41~60,제3등급,55,37,9,20260327,금요일,1200,일반,8,수,성별오픈,출발 :17:25,강영진,Kang Young Jin,002033,58.0,,,
